{"-1.302615,36.828842": {"N": 1.0, "P": 0.03, "K": 0.3, "ph": 6.5}, "-1.283253,36.817245": {"N": 100.0, "P": 30.0, "K": 300.0, "ph": 6.5}, "-0.280272,36.071205": {"N": 100.0, "P": 30.0, "K": 300.0, "ph": 6.5}, "-0.535948,37.665288": {"N": 100.0, "P": 30.0, "K": 300.0, "ph": 6.5}, "-1.036395,36.843131": {"N": 100.0, "P": 30.0, "K": 300.0, "ph": 6.5}, "37.779179,-97.467267": {"N": 100.0, "P": 30.0, "K": 300.0, "ph": 6.5}, "56.561219,-2.873793": {"N": 100.0, "P": 30.0, "K": 300.0, "ph": 6.5}, "-1.289001,36.817281": {"N": 100.0, "P": 30.0, "K": 300.0, "ph": 6.5}, "1.018076,35.000236": {"N": 100.0, "P": 30.0, "K": 300.0, "ph": 6.5}, "-4.050520,39.667169": {"N": 100.0, "P": 30.0, "K": 300.0, "ph": 6.5}, "-0.102911,34.754176": {"N": 100.0, "P": 30.0, "K": 300.0, "ph": 6.5}, "-23.649529,-46.852850": {"N": 100.0, "P": 30.0, "K": 300.0, "ph": 6.5}, "0.495710,34.801549": {"N": 100.0, "P": 30.0, "K": 300.0, "ph": 6.5}, "-1.292100,36.821900": {"N": 100.0, "P": 30.0, "K": 300.0, "ph": 6.5}}