{
    "model_type": "<class 'sklearn.ensemble._forest.RandomForestClassifier'>",
    "n_estimators": 200,
    "feature_names": [
        "N",
        "P",
        "K",
        "temperature",
        "humidity",
        "ph",
        "rainfall"
    ],
    "model_classes": [
        0,
        1,
        2,
        3,
        4,
        5,
        6,
        7,
        8,
        9,
        10,
        11,
        12,
        13,
        14,
        15,
        16,
        17,
        18,
        19,
        20,
        21,
        22,
        23,
        24,
        25,
        26,
        27,
        28,
        29,
        30,
        31,
        32,
        33,
        34,
        35,
        36,
        37,
        38,
        39,
        40,
        41,
        42,
        43,
        44,
        45,
        46,
        47,
        48,
        49,
        50,
        51
    ],
    "encoder_classes": [
        "apple",
        "avocado",
        "banana",
        "barley",
        "beans",
        "blackgram",
        "cabbage",
        "cassava",
        "chickpea",
        "coconut",
        "coffee",
        "corn",
        "cotton",
        "cowpeas",
        "grapes",
        "groundnut",
        "guava",
        "jute",
        "kidneybeans",
        "lentil",
        "maize",
        "mango",
        "millet",
        "mungbean",
        "muskmelon",
        "onion",
        "onions",
        "orange",
        "papaya",
        "passion fruit",
        "peas",
        "pigeon pea",
        "pigeonpeas",
        "pineapple",
        "pomegranate",
        "potatoes",
        "pyrethrum",
        "rice",
        "sisal",
        "sorghum",
        "soybean",
        "spinach",
        "strawberry",
        "sugarcane",
        "sunflower",
        "sweet potato",
        "sweet potatoes",
        "tea",
        "tomato",
        "tomatoes",
        "watermelon",
        "wheat"
    ],
    "feature_importances": [
        0.11199755767221159,
        0.13503124321949247,
        0.14285724423720012,
        0.11205890585292944,
        0.19869305033272397,
        0.09120284031586261,
        0.2081591583695798
    ],
    "test_probabilities": [
        0.4,
        0.033166666666666664,
        0.025,
        0.0,
        0.0,
        0.0,
        0.0,
        0.0,
        0.0,
        0.011666666666666665,
        0.0,
        0.0,
        0.0,
        0.0,
        0.135,
        0.0,
        0.0,
        0.0125,
        0.0,
        0.0,
        0.0,
        0.0,
        0.0,
        0.0,
        0.0,
        0.0,
        0.0,
        0.0,
        0.06333333333333334,
        0.0026666666666666666,
        0.0,
        0.0,
        0.0,
        0.0,
        0.0,
        0.14,
        0.0,
        0.005,
        0.0,
        0.0,
        0.0,
        0.0,
        0.0016666666666666666,
        0.1125,
        0.0,
        0.0,
        0.0,
        0.005,
        0.03,
        0.0,
        0.0225,
        0.0
    ],
    "test_prediction": 0
}